session_id,timestamp,sentence_index,sentence_text,audio_file,audio_duration,start_time,end_time,duration,gesture_label,animation_clip,gesture_source,gesture_function,pedagogical_context,mouth_cue_count,dominant_mouth_cue,annotation_status,gold_gesture_label,suitability_score,naturalness_score,sync_score,engagement_support_score,annotator_name,notes
SESSION-1778820269982,2026-05-15T04:44:29.985Z,0,Selamat pagi juga!,generated.wav,9.12,0,1.824,1.824,Greeting,Greeting,backend_sequence,Menyapa peserta didik,Pembuka pembelajaran,13,B,mapped,,,,,,,
SESSION-1778820269982,2026-05-15T04:44:29.985Z,1,"Saya baik-baik saja, terima kasih untuk pertanyaanmu.",generated.wav,9.12,1.824,7.195,5.371,closing,closing,sentence_rule_override,Menutup pembelajaran,Penutup,31,B,mapped,,,,,,,
SESSION-1778820269982,2026-05-15T04:44:29.985Z,2,Bagaimana denganmu?,generated.wav,9.12,7.195,9.12,1.925,menjelaskan_normal,menjelaskan_normal,backend_sequence,Gesture avatar,Konteks pembelajaran,12,B,mapped,,,,,,,
SESSION-1778821232474,2026-05-15T05:00:32.478Z,0,"Selamat siang juga, Halo!",generated.wav,6.456,0,2.783,2.783,Greeting,Greeting,backend_sequence,Menyapa peserta didik,Pembuka pembelajaran,19,B,mapped,,,,,,,
SESSION-1778821232474,2026-05-15T05:00:32.478Z,1,"Aku baik-baik saja, terima kasih.",generated.wav,6.456,2.783,6.456,3.673,closing,closing,sentence_rule_override,Menutup pembelajaran,Penutup,19,B,mapped,,,,,,,
"SESSION-1778823086444","2026-05-15T05:31:26.448Z","0","Halo!","generated.wav","10.368","0","0.402","0.402","Greeting","Greeting","backend_sequence","Menyapa peserta didik","Pembuka pembelajaran","4","X","mapped","","","","","","",""
"SESSION-1778823086444","2026-05-15T05:31:26.448Z","1","Kabar baik, terima kasih atas pertanyaanmu!","generated.wav","10.368","0.402","3.858","3.456","closing","closing","sentence_rule_override","Menutup pembelajaran","Penutup","28","C","mapped","","","","","","",""
"SESSION-1778823086444","2026-05-15T05:31:26.448Z","2","Saya siap membantu dan berbagi pengetahuan.","generated.wav","10.368","3.858","7.314","3.456","Talking_7","Talking_7","backend_sequence","Menjelaskan dengan variasi gerak","Variasi penjelasan","29","C","mapped","","","","","","",""
"SESSION-1778823086444","2026-05-15T05:31:26.448Z","3","Apa yang ingin kamu tanyakan hari ini?","generated.wav","10.368","7.314","10.368","3.054","Talking_4","Talking_4","backend_sequence","Memberikan penguatan penjelasan","Penguatan materi","18","B","mapped","","","","","","",""
"SESSION-1778823322155","2026-05-15T05:35:22.158Z","0","Halo!","generated.wav","8.136","0","0.502","0.502","Greeting","Greeting","backend_sequence","Menyapa peserta didik","Pembuka pembelajaran","4","X","mapped","","","","","","",""
"SESSION-1778823322155","2026-05-15T05:35:22.158Z","1","Selamat datang di kelas.","generated.wav","8.136","0.502","2.913","2.411","normal","normal","backend_sequence","Gesture bicara umum","Penjelasan umum","14","C","mapped","","","","","","",""
"SESSION-1778823322155","2026-05-15T05:35:22.158Z","2","Aku baik-baik saja, terima kasih untuk pertanyaanmu.","generated.wav","8.136","2.913","8.136","5.223","closing","closing","sentence_rule_override","Menutup pembelajaran","Penutup","30","B","mapped","","","","","","",""
"SESSION-1779028905342","2026-05-17T14:41:45.346Z","0","Basis data adalah kumpulan yang sistematik dan logis dari data-data yang terkait dengan informasi yang ingin digunakan.","generated.wav","22.464","0","10.402","10.402","Talking_0","Talking_0","backend_sequence","Menjelaskan materi","Penjelasan konsep","54","B","mapped","","","","","","",""
"SESSION-1779028905342","2026-05-17T14:41:45.346Z","1","Basis data ini dapat berupa file, database, atau lain-lain yang berguna untuk menyimpan, mengolah, serta memanfaatkan data secara efektif.","generated.wav","22.464","10.402","22.464","12.062","Waving","Waving","backend_sequence","Gesture avatar","Konteks pembelajaran","70","B","mapped","","","","","","",""
"SES-1779091529324","2026-05-18T08:05:29.329Z","0","The types of hardware components on a computer include the central processing unit (CPU), memory (RAM), storage devices such as hard drives or solid state drives (SSDs), graphics cards, sound cards, network interface cards, and input/output devices like keyboards, mice, and monitors.","generated.wav","24","0","24","24","Greeting","Greeting","sentence_rule_override","Menyapa peserta didik","Pembuka pembelajaran","141","B","mapped","","","","","","",""
"SES-1779091753771","2026-05-18T08:09:13.774Z","0","Halo!","generated.wav","6.36","0","0.489","0.489","Greeting","Greeting","backend_sequence","Menyapa peserta didik","Pembuka pembelajaran","4","X","mapped","","","","","","",""
"SES-1779091753771","2026-05-18T08:09:13.774Z","1","Hari ini saya baik-baik saja.","generated.wav","6.36","0.489","3.327","2.838","normal","normal","backend_sequence","Gesture bicara umum","Penjelasan umum","17","C","mapped","","","","","","",""
"SES-1779091753771","2026-05-18T08:09:13.774Z","2","Terima kasih atas pertanyaanmu!","generated.wav","6.36","3.327","6.36","3.033","closing","closing","sentence_rule_override","Menutup pembelajaran","Penutup","22","B","mapped","","","","","","",""
"SES-1779164415874","2026-05-19T04:20:15.881Z","0","Halo!","generated.wav","10.464","0","0.406","0.406","Greeting","Greeting","backend_sequence","Menyapa peserta didik","Pembuka pembelajaran","4","X","mapped","","","","","","",""
"SES-1779164415874","2026-05-19T04:20:15.881Z","1","Pagi yang indah dan cerah!","generated.wav","10.464","0.406","2.515","2.109","Waving","Waving","backend_sequence","Menyapa atau memberi transisi pembuka","Pembuka atau transisi","14","B","mapped","","","","","","",""
"SES-1779164415874","2026-05-19T04:20:15.881Z","2","Hari ini saya rasa sangat baik.","generated.wav","10.464","2.515","5.03","2.515","Talking_3","Talking_3","backend_sequence","Menjelaskan konsep lanjutan","Elaborasi konsep","13","B","mapped","","","","","","",""
"SES-1779164415874","2026-05-19T04:20:15.881Z","3","Saya siap untuk membantu Anda dengan segala pertanyaan dan masalah.","generated.wav","10.464","5.03","10.464","5.434","correction","correction","sentence_rule_override","Memberikan koreksi","Koreksi","37","C","mapped","","","","","","",""
"SES-1779171292418","2026-05-19T06:14:52.424Z","0","Selamat pagi!","generated.wav","7.56","0","1.244","1.244","Greeting","Greeting","backend_sequence","Menyapa peserta didik","Pembuka pembelajaran","10","B","mapped","","","","","","",""
"SES-1779171292418","2026-05-19T06:14:52.424Z","1","Alhamdulillah, saya baik-baik saja.","generated.wav","7.56","1.244","4.593","3.349","normal","normal","backend_sequence","Gesture bicara umum","Penjelasan umum","22","B","mapped","","","","","","",""
"SES-1779171292418","2026-05-19T06:14:52.424Z","2","Terima kasih atas pertanyaanmu.","generated.wav","7.56","4.593","7.56","2.967","closing","closing","sentence_rule_override","Menutup pembelajaran","Penutup","20","B","mapped","","","","","","",""
"SES-1779171699257","2026-05-19T06:21:39.259Z","0","The term ""sistem informasi"" refers to a system that stores, processes, and retrieves information.","generated.wav","23.952","0","8.095","8.095","Greeting","Greeting","backend_sequence","Menyapa peserta didik","Pembuka pembelajaran","43","B","mapped","","","","","","",""
"SES-1779171699257","2026-05-19T06:21:39.259Z","1","In other words, it's a system designed to manage data efficiently.","generated.wav","23.952","8.095","13.603","5.508","Talking_3","Talking_3","backend_sequence","Menjelaskan konsep lanjutan","Elaborasi konsep","28","B","mapped","","","","","","",""
"SES-1779171699257","2026-05-19T06:21:39.259Z","2","This type of system is essential in various fields such as business, education, healthcare, and many more.","generated.wav","23.952","13.603","22.449","8.846","Greeting","Greeting","sentence_rule_override","Menyapa peserta didik","Pembuka pembelajaran","50","B","mapped","","","","","","",""
"SES-1779171699257","2026-05-19T06:21:39.259Z","3","GESTURES: Greeting","generated.wav","23.952","22.449","23.952","1.503","Idle","Idle","backend_sequence","Diam/menunggu","Menunggu","6","B","mapped","","","","","","",""
"SES-1779171846995","2026-05-19T06:24:07.001Z","0","The process of developing an information system typically involves several stages.","generated.wav","64.296","0","5.971","5.971","Greeting","Greeting","backend_sequence","Menyapa peserta didik","Pembuka pembelajaran","43","B","mapped","","","","","","",""
"SES-1779171846995","2026-05-19T06:24:07.001Z","1","Firstly, there is the planning stage where the organization identifies its informational needs and defines the scope of the project.","generated.wav","64.296","5.971","15.583","9.612","Talking_3","Talking_3","backend_sequence","Menjelaskan konsep lanjutan","Elaborasi konsep","56","B","mapped","","","","","","",""
"SES-1779171846995","2026-05-19T06:24:07.001Z","2","Next is the analysis stage, where data is collected and analyzed to identify problems and opportunities for improvement.","generated.wav","64.296","15.583","24.321","8.738","Talking_2","Talking_2","backend_sequence","Menjelaskan dengan gesture percakapan","Percakapan pembelajaran","58","C","mapped","","","","","","",""
"SES-1779171846995","2026-05-19T06:24:07.001Z","3","Then comes the design stage, where a detailed design of the system is created based on the findings from the analysis stage.","generated.wav","64.296","24.321","33.35","9.029","Talking_6","Talking_6","backend_sequence","Menjelaskan dengan gesture aktif","Penjelasan aktif","47","C","mapped","","","","","","",""
"SES-1779171846995","2026-05-19T06:24:07.001Z","4","After that, it's the implementation stage, where the system is built according to the design specifications.","generated.wav","64.296","33.35","41.214","7.864","menjelaskan_normal","menjelaskan_normal","backend_sequence","Menjelaskan secara normal","Penjelasan normal","49","B","mapped","","","","","","",""
"SES-1779171846995","2026-05-19T06:24:07.001Z","5","Finally, there is the evaluation stage, where the system is tested and refined to ensure it meets the original requirements.","generated.wav","64.296","41.214","50.243","9.029","normal","normal","backend_sequence","Gesture bicara umum","Penjelasan umum","50","B","mapped","","","","","","",""
"SES-1779171846995","2026-05-19T06:24:07.001Z","6","Throughout these stages, stakeholders, including end-users, developers, and other relevant parties, should be actively involved in the process to ensure that their needs are taken into account.","generated.wav","64.296","50.243","64.296","14.053","Talking_7","Talking_7","backend_sequence","Menjelaskan dengan variasi gerak","Variasi penjelasan","69","B","mapped","","","","","","",""
"SES-1779174876849","2026-05-19T07:14:36.858Z","0","The material of Information Systems is focused on the design and implementation of systems that use computer-based technology to support various business processes.","generated.wav","32.352","0","13.231","13.231","Talking_6","Talking_6","backend_sequence","Menjelaskan dengan gesture aktif","Penjelasan aktif","87","B","mapped","","","","","","",""
"SES-1779174876849","2026-05-19T07:14:36.858Z","1","This includes topics such as system analysis, design, development, testing, maintenance, and evaluation.","generated.wav","32.352","13.231","21.622","8.391","Greeting","Greeting","backend_sequence","Menyapa peserta didik","Pembuka pembelajaran","43","B","mapped","","","","","","",""
"SES-1779174876849","2026-05-19T07:14:36.858Z","2","Additionally, it covers the concepts of database management, data warehousing, data mining, and knowledge management.","generated.wav","32.352","21.622","31.061","9.439","Talking_2","Talking_2","backend_sequence","Menjelaskan dengan gesture percakapan","Percakapan pembelajaran","64","C","mapped","","","","","","",""
"SES-1779174876849","2026-05-19T07:14:36.858Z","3","GESTURES: Waving","generated.wav","32.352","31.061","32.352","1.291","normal","normal","backend_sequence","Gesture bicara umum","Penjelasan umum","7","B","mapped","","","","","","",""
"SES-1779176340155","2026-05-19T07:39:00.163Z","0","Halo mahasiswa!","generated.wav","47.688","0","1.255","1.255","Greeting","Greeting","sentence_rule_override","Menyapa peserta didik","Pembuka pembelajaran","10","C","mapped","","","","","","",""
"SES-1779176340155","2026-05-19T07:39:00.163Z","1","Sistem informasi (SI) adalah suatu sistem yang digunakan untuk mengumpulkan, memproses, dan menyimpan data dalam bentuk digital.","generated.wav","47.688","1.255","11.964","10.709","Waving","Waving","backend_sequence","Menyapa atau memberi transisi pembuka","Pembuka atau transisi","67","B","mapped","","","","","","",""
"SES-1779176340155","2026-05-19T07:39:00.163Z","2","SI biasanya terdiri dari beberapa komponen, seperti database, aplikasi, dan jaringan.","generated.wav","47.688","11.964","19.075","7.111","Talking_3","Talking_3","backend_sequence","Menjelaskan konsep lanjutan","Elaborasi konsep","37","B","mapped","","","","","","",""
"SES-1779176340155","2026-05-19T07:39:00.163Z","3","Fungsi utama SI adalah untuk membantu organisasi atau individu dalam membuat keputusan yang lebih baik dengan menggunakan data yang akurat dan cepat.","generated.wav","47.688","19.075","31.541","12.466","Talking_0","Talking_0","backend_sequence","Menjelaskan materi","Penjelasan konsep","68","B","mapped","","","","","","",""
"SES-1779176340155","2026-05-19T07:39:00.163Z","4","Contohnya, sebuah bank dapat menggunakan SI untuk mengelola transaksi nasabah dan memantau keuangan.","generated.wav","47.688","31.541","39.907","8.366","Talking_7","Talking_7","backend_sequence","Menjelaskan dengan variasi gerak","Variasi penjelasan","49","B","mapped","","","","","","",""
"SES-1779176340155","2026-05-19T07:39:00.163Z","5","Dalam pengajaran, SI juga digunakan untuk mengumpulkan data siswa dan mencatat hasil belajar.","generated.wav","47.688","39.907","47.688","7.781","Talking_1","Talking_1","sentence_rule_override","Membuka atau menekankan penjelasan","Penekanan awal","40","B","mapped","","","","","","",""
"SES-1779644739512","2026-05-24T17:45:39.937Z","0","Saya dapat membantu Anda untuk memahami fungsi dari gesture ""POINTING"" dalam diagram arsitektur ini.","generated.wav","42.048","0","9.082","9.082","POINTING","POINTING","backend_sequence","Gesture avatar","Konteks pembelajaran","60","B","mapped","","","","","","",""
"SES-1779644739512","2026-05-24T17:45:39.937Z","1","Dalam konteks ini, gesture ""POINTING"" digunakan untuk mengarahkan perhatian pada bagian tertentu pada layar.","generated.wav","42.048","9.082","18.89","9.808","Greeting","Greeting","backend_sequence","Menyapa peserta didik","Pembuka pembelajaran","63","B","mapped","","","","","","",""
"SES-1779644739512","2026-05-24T17:45:39.937Z","2","Fungsi utama dari gesture ini adalah untuk menunjukkan atau mengarahkan perhatian pada informasi yang penting dan harus diperhatikan.","generated.wav","42.048","18.89","30.969","12.079","instruction","instruction","sentence_rule_override","Memberikan instruksi","Instruksi tugas","70","C","mapped","","","","","","",""
"SES-1779644739512","2026-05-24T17:45:39.938Z","3","Dengan demikian, gesture ""POINTING"" berfungsi sebagai indikator bahwa Anda harus memperhatikan bagian tertentu pada layar.","generated.wav","42.048","30.969","42.048","11.079","instruction","instruction","sentence_rule_override","Memberikan instruksi","Instruksi tugas","59","B","mapped","","","","","","",""
"SES-1779780147850","2026-05-26T07:22:27.858Z","0","Selamat pagi, halo!","generated.wav","26.976","0","1.577","1.577","Greeting","Greeting","backend_sequence","Menyapa peserta didik","Pembuka pembelajaran","12","B","mapped","","","","","","",""
"SES-1779780147850","2026-05-26T07:22:27.858Z","1","Semangat pagi ya, saya harap Anda baik-baik saja!","generated.wav","26.976","1.577","5.644","4.067","TALKING","TALKING","backend_sequence","Gesture avatar","Konteks pembelajaran","29","B","mapped","","","","","","",""
"SES-1779780147850","2026-05-26T07:22:27.858Z","2","Sebagai guru virtual, saya ingin mengucapkan selamat datang dan siapakah Anda?","generated.wav","26.976","5.644","12.118","6.474","Waving","Waving","backend_sequence","Menyapa atau memberi transisi pembuka","Pembuka atau transisi","42","C","mapped","","","","","","",""
"SES-1779780147850","2026-05-26T07:22:27.858Z","3","Apa kabar Anda hari ini?","generated.wav","26.976","12.118","14.11","1.992","Talking_2","Talking_2","backend_sequence","Menjelaskan dengan gesture percakapan","Percakapan pembelajaran","9","B","mapped","","","","","","",""
"SES-1779780147850","2026-05-26T07:22:27.858Z","4","Saya siap membantu Anda dengan pertanyaan atau masalah yang Anda hadapi.","generated.wav","26.976","14.11","20.086","5.976","correction","correction","sentence_rule_override","Memberikan koreksi","Koreksi","35","B","mapped","","","","","","",""
"SES-1779780147850","2026-05-26T07:22:27.858Z","5","Jika Anda memiliki pertanyaan tentang materi pelajaran, jangan ragu untuk tanyakan!","generated.wav","26.976","20.086","26.976","6.89","Talking_3","Talking_3","backend_sequence","Menjelaskan konsep lanjutan","Elaborasi konsep","37","B","mapped","","","","","","",""
"SES-1779781506589","2026-05-26T07:45:06.595Z","0","Selamat pagi!","generated.wav","30.408","0","1.054","1.054","Greeting","Greeting","sentence_rule_override","Menyapa peserta didik","Pembuka pembelajaran","10","C","mapped","","","","","","",""
"SES-1779781506589","2026-05-26T07:45:06.595Z","1","Kinesik keterbukaan atau social warmth adalah salah satu bentuk gestures yang menunjukkan kesediaan untuk berinteraksi dan membina hubungan dengan orang lain.","generated.wav","30.408","1.054","13.866","12.812","correction","correction","sentence_rule_override","Memberikan koreksi","Koreksi","82","B","mapped","","","","","","",""
"SES-1779781506589","2026-05-26T07:45:06.595Z","2","Dalam konteks RAG, gesture standing greeting (STANDING_GREETING) memiliki fungsi sebagai bentuk keterbukaan sosial yang menunjukkan kemampuan avatar untuk berkomunikasi dan berinteraksi dengan orang lain.","generated.wav","30.408","13.866","30.408","16.542","menjelaskan_normal","menjelaskan_normal","backend_sequence","Menjelaskan secara normal","Penjelasan normal","87","B","mapped","","","","","","",""
"SES-1779782116757","2026-05-26T07:55:16.762Z","0","Saya senang dapat membantu!","generated.wav","77.448","0","2.14","2.14","TALKING","TALKING","backend_sequence","Gesture avatar","Konteks pembelajaran","15","B","mapped","","","","","","",""
"SES-1779782116757","2026-05-26T07:55:16.762Z","1","Proses mengembangkan sistem dapat dibagi menjadi beberapa tahapan.","generated.wav","77.448","2.14","7.372","5.232","Waving","Waving","backend_sequence","Menyapa atau memberi transisi pembuka","Pembuka atau transisi","33","B","mapped","","","","","","",""
"SES-1779782116757","2026-05-26T07:55:16.762Z","2","Pertama, kita harus memiliki ide atau konsep tentang sistem yang ingin kita kembangkan.","generated.wav","77.448","7.372","14.269","6.897","Talking_1","Talking_1","sentence_rule_override","Membuka atau menekankan penjelasan","Penekanan awal","39","B","mapped","","","","","","",""
"SES-1779782116757","2026-05-26T07:55:16.762Z","3","Kemudian, kita perlu membuat desain sistem dan memahami bagaimana sistem tersebut akan berfungsi.","generated.wav","77.448","14.269","21.958","7.689","terbuka","terbuka","backend_sequence","Menjelaskan dengan tangan terbuka","Penjelasan terbuka","49","B","mapped","","","","","","",""
"SES-1779782116757","2026-05-26T07:55:16.762Z","4","Tahapan selanjutnya adalah analisis kebutuhan dan pengumpulan data.","generated.wav","77.448","21.958","27.269","5.311","Talking_3","Talking_3","backend_sequence","Menjelaskan konsep lanjutan","Elaborasi konsep","35","B","mapped","","","","","","",""
"SES-1779782116757","2026-05-26T07:55:16.762Z","5","Kita perlu mengetahui apa yang dibutuhkan oleh sistem dan apa yang akan terjadi jika sistem tidak ada.","generated.wav","77.448","27.269","35.355","8.086","Talking_0","Talking_0","backend_sequence","Menjelaskan materi","Penjelasan konsep","45","C","mapped","","","","","","",""
"SES-1779782116757","2026-05-26T07:55:16.762Z","6","Setelah itu, kita dapat membuat prototipe atau model awal dari sistem dan menguji apakah sistem tersebut berfungsi seperti yang diinginkan.","generated.wav","77.448","35.355","46.374","11.019","Talking_7","Talking_7","backend_sequence","Menjelaskan dengan variasi gerak","Variasi penjelasan","70","B","mapped","","","","","","",""
"SES-1779782116757","2026-05-26T07:55:16.762Z","7","Tahapan terakhir adalah pengembangan sistem secara lebih lanjut, termasuk penambahan fitur dan perbaikan pada bagian-bagian yang kurang efektif.","generated.wav","77.448","46.374","57.789","11.415","Greeting","Greeting","sentence_rule_override","Menyapa peserta didik","Pembuka pembelajaran","73","C","mapped","","","","","","",""
"SES-1779782116757","2026-05-26T07:55:16.762Z","8","Setelah selesai, kita dapat melakukan uji coba dan evaluasi untuk memastikan bahwa sistem tersebut sesuai dengan kebutuhan dan berfungsi seperti yang diinginkan.","generated.wav","77.448","57.789","70.552","12.763","instruction","instruction","sentence_rule_override","Memberikan instruksi","Instruksi tugas","73","B","mapped","","","","","","",""
"SES-1779782116757","2026-05-26T07:55:16.762Z","9","Saya harap jawaban saya dapat membantu Anda dalam memahami proses mengembangkan sistem!","generated.wav","77.448","70.552","77.448","6.896","menjelaskan_normal","menjelaskan_normal","backend_sequence","Menjelaskan secara normal","Penjelasan normal","49","C","mapped","","","","","","",""
"SES-1779782597464","2026-05-26T08:03:17.473Z","0","Selamat datang!","generated.wav","22.296","0","1.212","1.212","Greeting","Greeting","backend_sequence","Menyapa peserta didik","Pembuka pembelajaran","12","C","mapped","","","","","","",""
"SES-1779782597464","2026-05-26T08:03:17.473Z","1","Saya senang dapat membantu menjawab pertanyaan Anda.","generated.wav","22.296","1.212","5.413","4.201","HEAD_NOD_YES","HEAD_NOD_YES","backend_sequence","Gesture avatar","Konteks pembelajaran","25","C","mapped","","","","","","",""
"SES-1779782597464","2026-05-26T08:03:17.473Z","2","""Betul saya sepakat"" berarti Anda setuju atau menyetujui sesuatu, namun tidak jelas apa yang Anda setujui.","generated.wav","22.296","5.413","13.976","8.563","Talking_1","Talking_1","backend_sequence","Membuka atau menekankan penjelasan","Penekanan awal","56","B","mapped","","","","","","",""
"SES-1779782597464","2026-05-26T08:03:17.473Z","3","Jika Anda memiliki pertanyaan atau masalah khusus, silakan kirimkan dan saya akan membantu menjawabnya.","generated.wav","22.296","13.976","22.296","8.32","instruction","instruction","sentence_rule_override","Memberikan instruksi","Instruksi tugas","48","C","mapped","","","","","","",""
"SES-1779782979453","2026-05-26T08:09:39.456Z","0","Mahasiswa!","generated.wav","49.584","0","0.825","0.825","HEAD_NOD_YES","HEAD_NOD_YES","backend_sequence","Gesture avatar","Konteks pembelajaran","6","C","mapped","","","","","","",""
"SES-1779782979453","2026-05-26T08:09:39.456Z","1","Jawaban Anda belum tentu benar, karena saya sebagai Guru Virtual tidak melihat jawaban Anda sebelumnya.","generated.wav","49.584","0.825","9.323","8.498","appreciation","appreciation","sentence_rule_override","Memberikan apresiasi","Apresiasi","62","B","mapped","","","","","","",""
"SES-1779782979453","2026-05-26T08:09:39.456Z","2","Namun, saya siap membantu Anda memahami materi dan memberikan feedback yang konstruktif.","generated.wav","49.584","9.323","16.583","7.26","menjelaskan_normal","menjelaskan_normal","backend_sequence","Menjelaskan secara normal","Penjelasan normal","44","C","mapped","","","","","","",""
"SES-1779782979453","2026-05-26T08:09:39.456Z","3","Untuk menjawab pertanyaan Anda, perlu diketahui bahwa ""benar"" dalam konteks akademik berarti sesuai dengan kaidah, prinsip, atau konsep yang diajarkan.","generated.wav","49.584","16.583","29.041","12.458","appreciation","appreciation","sentence_rule_override","Memberikan apresiasi","Apresiasi","71","C","mapped","","","","","","",""
"SES-1779782979453","2026-05-26T08:09:39.456Z","4","Jadi, sebelum dapat menentukan apakah jawaban Anda benar atau tidak, saya perlu memahami apa yang Anda jawabkan.","generated.wav","49.584","29.041","38.281","9.24","appreciation","appreciation","sentence_rule_override","Memberikan apresiasi","Apresiasi","61","B","mapped","","","","","","",""
"SES-1779782979453","2026-05-26T08:09:39.456Z","5","Mohon Anda jelaskan lebih lanjut tentang jawaban Anda, maka saya dapat membantu Anda memahami materi dan memberikan feedback yang sesuai.","generated.wav","49.584","38.281","49.584","11.303","Talking_0","Talking_0","backend_sequence","Menjelaskan materi","Penjelasan konsep","68","C","mapped","","","","","","",""
"SES-1779880175045","2026-05-27T11:09:35.086Z","0","Selamat malam, siswa!","generated.wav","14.904","0","1.63","1.63","Greeting","Greeting","sentence_rule_override","Menyapa peserta didik","Pembuka pembelajaran","14","B","mapped","","","","","","",""
"SES-1779880175045","2026-05-27T11:09:35.086Z","1","Sistem informasi berbasis kecerdasan artifisial adalah teknologi yang memungkinkan sistem komputer membuat keputusan dan mengambil tindakan berdasarkan data yang diterima.","generated.wav","14.904","1.63","14.904","13.274","normal","normal","backend_sequence","Gesture bicara umum","Penjelasan umum","79","B","mapped","","","","","","",""
"SES-1779884208280","2026-05-27T12:16:48.310Z","0","Halo, siswa!","generated.wav","5.16","0","1.191","1.191","Greeting","Greeting","sentence_rule_override","Menyapa peserta didik","Pembuka pembelajaran","6","X","mapped","","","","","","",""
"SES-1779884208280","2026-05-27T12:16:48.311Z","1","Selamat datang ke pembelajaran hari ini.","generated.wav","5.16","1.191","5.16","3.969","Talking_4","Talking_4","backend_sequence","Memberikan penguatan penjelasan","Penguatan materi","24","C","mapped","","","","","","",""
"SES-1779884339141","2026-05-27T12:18:59.145Z","0","Saya senang bertemu dengan Anda!","generated.wav","16.512","0","2.553","2.553","POINTING","POINTING","backend_sequence","Gesture avatar","Konteks pembelajaran","18","B","mapped","","","","","","",""
"SES-1779884339141","2026-05-27T12:18:59.145Z","1","Untuk membangun sistem informasi, poin-poin pentingnya adalah merancang struktur data yang tepat, membuat algoritma yang efektif, serta mengintegrasikan teknologi yang sesuai.","generated.wav","16.512","2.553","16.512","13.959","appreciation","appreciation","sentence_rule_override","Memberikan apresiasi","Apresiasi","87","B","mapped","","","","","","",""
"SES-1779890176966","2026-05-27T13:56:16.972Z","0","Saya senang melihat Anda telah memahami diagram arsitektur ini!","generated.wav","16.2","0","6.075","6.075","POINTING","POINTING","backend_sequence","Gesture avatar","Konteks pembelajaran","42","C","mapped","","","","","","",""
"SES-1779890176966","2026-05-27T13:56:16.973Z","1","Diagram seperti itu biasanya digunakan untuk mewakili struktur atau hubungan antar komponen dalam sistem.","generated.wav","16.2","6.075","16.2","10.125","Talking_1","Talking_1","backend_sequence","Membuka atau menekankan penjelasan","Penekanan awal","51","B","mapped","","","","","","",""
"SES-1779892427839","2026-05-27T14:33:48.113Z","0","Selamat malam, siswa!","generated.wav","5.016","0","2.195","2.195","Greeting","Greeting","sentence_rule_override","Menyapa peserta didik","Pembuka pembelajaran","14","C","mapped","","","","","","",""
"SES-1779892427839","2026-05-27T14:33:48.113Z","1","Kami senang melihatmu lagi.","generated.wav","5.016","2.195","5.016","2.821","normal","normal","backend_sequence","Gesture bicara umum","Penjelasan umum","16","C","mapped","","","","","","",""
"SES-1779892710834","2026-05-27T14:38:30.836Z","0","Halo siswa!","generated.wav","9.648","0","0.899","0.899","Greeting","Greeting","sentence_rule_override","Menyapa peserta didik","Pembuka pembelajaran","6","H","mapped","","","","","","",""
"SES-1779892710834","2026-05-27T14:38:30.836Z","1","Diagram arsitektur ini menunjukkan bagaimana berbagai komponen bekerja sama untuk mencapai tujuan tertentu.","generated.wav","9.648","0.899","9.648","8.749","normal","normal","backend_sequence","Gesture bicara umum","Penjelasan umum","57","B","mapped","","","","","","",""
"SES-1779892795599","2026-05-27T14:39:55.601Z","0","Halo!","generated.wav","7.416","0","0.417","0.417","Greeting","Greeting","sentence_rule_override","Menyapa peserta didik","Pembuka pembelajaran","4","X","mapped","","","","","","",""
"SES-1779892795599","2026-05-27T14:39:55.601Z","1","Diagram yang kamu lihat itu tampak seperti diagram alur kerja atau flowchart, bukan?","generated.wav","7.416","0.417","7.416","6.999","normal","normal","backend_sequence","Gesture bicara umum","Penjelasan umum","45","B","mapped","","","","","","",""
"SES-1779892889656","2026-05-27T14:41:29.659Z","0","Selamat Idul Adha, siswa!","generated.wav","11.256","0","2.148","2.148","STANDING_GREETING","STANDING_GREETING","backend_sequence","Gesture avatar","Konteks pembelajaran","13","C","mapped","","","","","","",""
"SES-1779892889656","2026-05-27T14:41:29.659Z","1","Hari raya ini adalah kesempatan bagi kita untuk berbagi cinta, kasih sayang, dan kepedulian dengan sesama.","generated.wav","11.256","2.148","11.256","9.108","normal","normal","backend_sequence","Gesture bicara umum","Penjelasan umum","59","B","mapped","","","","","","",""
"SES-1779895007545","2026-05-27T15:16:47.551Z","0","Saya senang membantu Anda!","generated.wav","13.056","0","2.294","2.294","POINTING","POINTING","backend_sequence","Gesture avatar","Konteks pembelajaran","17","C","mapped","","","","","","",""
"SES-1779895007545","2026-05-27T15:16:47.551Z","1","Diagram arsitektur sistem ini memiliki beberapa bagian penting, seperti layer aplikasi, layer database, dan layer network.","generated.wav","13.056","2.294","13.056","10.762","Talking_1","Talking_1","backend_sequence","Membuka atau menekankan penjelasan","Penekanan awal","58","B","mapped","","","","","","",""
"SES-1779895508697","2026-05-27T15:25:08.699Z","0","""Selamat Hari Raya Idul Adha, siswa!","generated.wav","9.696","0","3.009","3.009","STANDING_GREETING","STANDING_GREETING","backend_sequence","Gesture avatar","Konteks pembelajaran","18","B","mapped","","","","","","",""
"SES-1779895508697","2026-05-27T15:25:08.699Z","1","Semoga hari raya ini membawa keberkahan dan keselamatan bagi Anda dan keluarga.","generated.wav","9.696","3.009","9.612","6.603","Talking_0","Talking_0","backend_sequence","Menjelaskan materi","Penjelasan konsep","50","C","mapped","","","","","","",""
"SES-1779895508697","2026-05-27T15:25:08.699Z","2","""","generated.wav","9.696","9.612","9.696","0.084","Talking_2","Talking_2","backend_sequence","Menjelaskan dengan gesture percakapan","Percakapan pembelajaran","1","X","mapped","","","","","","",""
"SES-1779974379158","2026-05-28T13:19:41.500Z","0","Halo siswa!","generated.wav","13.272","0","0.879","0.879","Greeting","Greeting","sentence_rule_override","Menyapa peserta didik","Pembuka pembelajaran","5","X","mapped","","","","","","",""
"SES-1779974379158","2026-05-28T13:19:41.500Z","1","Diagram arsitektur ini memperlihatkan struktur sistem yang kompleks, tapi jangan khawatir, kita akan memahami setiap bagian dari diagram ini secara detail.","generated.wav","13.272","0.879","13.272","12.393","normal","normal","backend_sequence","Gesture bicara umum","Penjelasan umum","74","C","mapped","","","","","","",""
"SES-1779976414016","2026-05-28T13:53:34.025Z","0","Halo siswa!","generated.wav","10.056","0","1.024","1.024","Greeting","Greeting","sentence_rule_override","Menyapa peserta didik","Pembuka pembelajaran","7","F","mapped","","","","","","",""
"SES-1779976414016","2026-05-28T13:53:34.026Z","1","Diagram arsitektur ini terlihat kompleks, tapi mari kita mulai dengan memahami struktur dasarnya.","generated.wav","10.056","1.024","10.056","9.032","normal","normal","backend_sequence","Gesture bicara umum","Penjelasan umum","47","B","mapped","","","","","","",""
"SES-1779976664362","2026-05-28T13:57:44.367Z","0","Saya senang bertemu denganmu!","generated.wav","19.224","0","2.313","2.313","THINKING","THINKING","backend_sequence","Gesture avatar","Konteks pembelajaran","20","C","mapped","","","","","","",""
"SES-1779976664362","2026-05-28T13:57:44.367Z","1","Algoritma tersebut membutuhkan waktu eksekusi lebih lama karena harus melakukan beberapa proses yang rumit, seperti analisis data dan pengolahan informasi, sehingga memerlukan waktu yang lebih lama untuk selesai.","generated.wav","19.224","2.313","19.224","16.911","Greeting","Greeting","sentence_rule_override","Menyapa peserta didik","Pembuka pembelajaran","100","B","mapped","","","","","","",""
"SES-1779976871275","2026-05-28T14:01:11.277Z","0","Saya senang melihat Anda tertarik pada bagian proses input dan output!","generated.wav","22.272","0","5.568","5.568","POINTING","POINTING","backend_sequence","Gesture avatar","Konteks pembelajaran","36","B","mapped","","","","","","",""
"SES-1779976871275","2026-05-28T14:01:11.277Z","1","Proses input dan output adalah dua bagian penting dalam sistem komputasi, dimana input berupa data atau perintah yang diterima oleh sistem, sedangkan output berupa hasil atau respons yang diberikan oleh sistem.","generated.wav","22.272","5.568","22.272","16.704","Talking_1","Talking_1","backend_sequence","Membuka atau menekankan penjelasan","Penekanan awal","95","B","mapped","","","","","","",""
"SES-1779978951896","2026-05-28T14:35:52.176Z","0","Saya senang melihat kamu ingin memahami diagram arsitektur ini!","generated.wav","12.792","0","5.798","5.798","POINTING","POINTING","backend_sequence","Gesture avatar","Konteks pembelajaran","37","B","mapped","","","","","","",""
"SES-1779978951896","2026-05-28T14:35:52.176Z","1","Sebelum kita perhaikan, mari kita lihat struktur diagramnya terlebih dahulu.","generated.wav","12.792","5.798","12.792","6.994","Greeting","Greeting","sentence_rule_override","Menyapa peserta didik","Pembuka pembelajaran","36","C","mapped","","","","","","",""
"SES-1779981290031","2026-05-28T15:14:50.040Z","0","Saya senang membantu!","generated.wav","10.776","0","1.81","1.81","POINTING","POINTING","backend_sequence","Gesture avatar","Konteks pembelajaran","15","B","mapped","","","","","","",""
"SES-1779981290031","2026-05-28T15:14:50.040Z","1","Diagram arsitektur sistem ini membagi bagian penting menjadi tiga bagian: input, processing, dan output.","generated.wav","10.776","1.81","10.776","8.966","Talking_1","Talking_1","sentence_rule_override","Membuka atau menekankan penjelasan","Penekanan awal","43","B","mapped","","","","","","",""
"SES-1779981469543","2026-05-28T15:17:49.545Z","0","Halo siswa!","generated.wav","2.544","0","1.119","1.119","Greeting","Greeting","sentence_rule_override","Menyapa peserta didik","Pembuka pembelajaran","9","B","mapped","","","","","","",""
"SES-1779981469543","2026-05-28T15:17:49.545Z","1","Selamat malam!","generated.wav","2.544","1.119","2.544","1.425","Greeting","Greeting","sentence_rule_override","Menyapa peserta didik","Pembuka pembelajaran","12","B","mapped","","","","","","",""
"SES-1779981534219","2026-05-28T15:18:54.221Z","0","Selamat datang, siswa!","generated.wav","5.448","0","2.103","2.103","STANDING_GREETING","STANDING_GREETING","backend_sequence","Gesture avatar","Konteks pembelajaran","17","B","mapped","","","","","","",""
"SES-1779981534219","2026-05-28T15:18:54.221Z","1","Saya setuju dengan pertanyaan Anda.","generated.wav","5.448","2.103","5.448","3.345","Talking_1","Talking_1","backend_sequence","Membuka atau menekankan penjelasan","Penekanan awal","16","C","mapped","","","","","","",""
"SES-1779981665941","2026-05-28T15:21:05.944Z","0","Halo siswa!","generated.wav","12.216","0","0.981","0.981","Greeting","Greeting","sentence_rule_override","Menyapa peserta didik","Pembuka pembelajaran","8","C","mapped","","","","","","",""
"SES-1779981665941","2026-05-28T15:21:05.944Z","1","Alur pengembangan sistem biasanya melibatkan tahapan-tahapan seperti perencanaan, desain, implementasi, testing, dan evaluasi.","generated.wav","12.216","0.981","12.216","11.235","normal","normal","backend_sequence","Gesture bicara umum","Penjelasan umum","67","B","mapped","","","","","","",""
"SES-1779981852054","2026-05-28T15:24:12.055Z","0","Halo siswa!","generated.wav","9.096","0","1.064","1.064","Greeting","Greeting","sentence_rule_override","Menyapa peserta didik","Pembuka pembelajaran","5","B","mapped","","","","","","",""
"SES-1779981852054","2026-05-28T15:24:12.055Z","1","Langkah pertama hingga kelima dalam membangun sistem informasi penjualan adalah: 1.","generated.wav","9.096","1.064","9.096","8.032","Greeting","Greeting","sentence_rule_override","Menyapa peserta didik","Pembuka pembelajaran","46","B","mapped","","","","","","",""
"SES-1779981969543","2026-05-28T15:26:09.544Z","0","Halo siswa!","generated.wav","9.552","0","0.93","0.93","Greeting","Greeting","sentence_rule_override","Menyapa peserta didik","Pembuka pembelajaran","8","A","mapped","","","","","","",""
"SES-1779981969543","2026-05-28T15:26:09.544Z","1","Basis data (database) adalah kumpulan data yang tersimpan secara sistematis dan dapat diakses kembali.","generated.wav","9.552","0.93","9.552","8.622","Talking_1","Talking_1","backend_sequence","Membuka atau menekankan penjelasan","Penekanan awal","42","C","mapped","","","","","","",""
"SES-1779982129340","2026-05-28T15:28:49.342Z","0","Halo siswa!","generated.wav","23.712","0","0.999","0.999","Greeting","Greeting","sentence_rule_override","Menyapa peserta didik","Pembuka pembelajaran","7","C","mapped","","","","","","",""
"SES-1779982129340","2026-05-28T15:28:49.342Z","1","Lima langkah merancang basis data adalah: pertama, menentukan tujuan basis data; kedua, mengidentifikasi objek dan atributnya; ketiga, membuat desain tabel; keempat, membuat query dan script; dan kelima, memantau dan meningkatkan kualitas basis data.","generated.wav","23.712","0.999","23.712","22.713","Talking_3","Talking_3","backend_sequence","Menjelaskan konsep lanjutan","Elaborasi konsep","133","B","mapped","","","","","","",""
"SES-1779982512119","2026-05-28T15:35:12.126Z","0","Ya, saya setuju!","generated.wav","2.208","0","2.208","2.208","HEAD_NOD_YES","HEAD_NOD_YES","backend_sequence","Gesture avatar","Konteks pembelajaran","12","C","mapped","","","","","","",""
"SES-1780149235799","2026-05-30T13:53:55.810Z","0","Ya, saya setuju.","generated.wav","2.232","0","2.232","2.232","HEAD_NOD_YES","HEAD_NOD_YES","backend_sequence","Gesture avatar","Konteks pembelajaran","12","C","mapped","","","","","","",""
"SES-1780150958810","2026-05-30T14:22:39.147Z","0","Selamat malam!","generated.wav","2.88","0","1.39","1.39","Greeting","Greeting","sentence_rule_override","Menyapa peserta didik","Pembuka pembelajaran","18","C","mapped","","","","","","",""
"SES-1780150958810","2026-05-30T14:22:39.147Z","1","Apa kabar Anda?","generated.wav","2.88","1.39","2.88","1.49","STANDING_GREETING","STANDING_GREETING","backend_sequence","Gesture avatar","Konteks pembelajaran","5","C","mapped","","","","","","",""
"SES-1780150997761","2026-05-30T14:23:17.764Z","0","Iya, saya siap membantu!","generated.wav","2.76","0","2.76","2.76","POINTING","POINTING","backend_sequence","Gesture avatar","Konteks pembelajaran","18","C","mapped","","","","","","",""
"SES-1780151041110","2026-05-30T14:24:01.112Z","0","Ya, saya setuju!","generated.wav","2.208","0","2.208","2.208","HEAD_NOD_YES","HEAD_NOD_YES","backend_sequence","Gesture avatar","Konteks pembelajaran","12","C","mapped","","","","","","",""
"SES-1780286072612","2026-06-01T03:54:32.618Z","0","Saya siap membantu Anda!","generated.wav","2.352","0","2.352","2.352","POINTING","POINTING","backend_sequence","Gesture avatar","Konteks pembelajaran","15","C","mapped","","","","","","",""
"SES-1780286144323","2026-06-01T03:55:44.327Z","0","Ya, saya setuju.","generated.wav","2.232","0","2.232","2.232","HEAD_NOD_YES","HEAD_NOD_YES","backend_sequence","Gesture avatar","Konteks pembelajaran","10","X","mapped","","","","","","",""
"SES-1780286435089","2026-06-01T04:00:35.091Z","0","Perhatikan bagian visual tersebut dengan seksama, agar kita dapat memahami konsep yang akan dibahas selanjutnya.","generated.wav","8.568","0","8.568","8.568","instruction","instruction","sentence_rule_override","Memberikan instruksi","Instruksi tugas","49","B","mapped","","","","","","",""
"SES-1780287829247","2026-06-01T04:23:49.252Z","0","Perhatikan bagian visual tersebut, sis.","generated.wav","10.08","0","3.36","3.36","instruction","instruction","sentence_rule_override","Memberikan instruksi","Instruksi tugas","19","B","mapped","","","","","","",""
"SES-1780287829247","2026-06-01T04:23:49.252Z","1","Itu akan membantu kita memahami konsep yang akan kita diskusikan lebih lanjut.","generated.wav","10.08","3.36","10.08","6.72","normal","normal","backend_sequence","Gesture bicara umum","Penjelasan umum","46","B","mapped","","","","","","",""
"SES-1780288778268","2026-06-01T04:39:38.274Z","0","Menjawab pertanyaan bukanlah tugas yang sulit, tapi perlu dilakukan dengan cara yang benar.","generated.wav","13.128","0","7.111","7.111","instruction","instruction","sentence_rule_override","Memberikan instruksi","Instruksi tugas","43","B","mapped","","","","","","",""
"SES-1780288778268","2026-06-01T04:39:38.274Z","1","Pertama-tama, Anda harus memahami maksud dan tujuan dari pertanyaan tersebut.","generated.wav","13.128","7.111","13.128","6.017","Talking_1","Talking_1","backend_sequence","Membuka atau menekankan penjelasan","Penekanan awal","40","C","mapped","","","","","","",""
"SES-1780289654729","2026-06-01T04:54:14.733Z","0","Lihatlah bagian atas!","generated.wav","2.256","0","2.256","2.256","QUICK_INFORMAL_BOW","QUICK_INFORMAL_BOW","backend_sequence","Gesture avatar","Konteks pembelajaran","13","B","mapped","","","","","","",""
"SES-1780326493078","2026-06-01T15:08:13.084Z","0","Perhatikan bagian yang berwarna biru, itu adalah layer aplikasi yang terintegrasi dengan sistem operasi.","generated.wav","8.544","0","8.544","8.544","instruction","instruction","sentence_rule_override","Memberikan instruksi","Instruksi tugas","46","B","mapped","","","","","","",""
"SES-1780500564165","2026-06-03T15:29:24.199Z","0","Saya baik-baik saja, terima kasih!","generated.wav","3.6","0","3.6","3.6","closing","closing","sentence_rule_override","Menutup pembelajaran","Penutup","23","B","mapped","","","","","","",""
"SES-1780500663480","2026-06-03T15:31:03.483Z","0","Ya, Anda boleh menggunakan gesture untuk menjawab pertanyaan!","generated.wav","5.424","0","5.424","5.424","HAND_RAISING","HAND_RAISING","backend_sequence","Gesture avatar","Konteks pembelajaran","32","C","mapped","","","","","","",""
"SES-1780500961061","2026-06-03T15:36:01.064Z","0","Perhatikan bagian diagram yang menunjukkan struktur sistem, itu akan membantu Anda memahami bagaimana komponen-komponen bekerja sama.","generated.wav","10.176","0","10.176","10.176","instruction","instruction","sentence_rule_override","Memberikan instruksi","Instruksi tugas","66","B","mapped","","","","","","",""
"SES-1780501830794","2026-06-03T15:50:30.797Z","0","Merancang sebuah database memerlukan beberapa langkah dasar, seperti menentukan entitas, atribut, dan relasi antara data.","generated.wav","18.504","0","10.224","10.224","ACKNOWLEDGING","ACKNOWLEDGING","backend_sequence","Gesture avatar","Konteks pembelajaran","56","B","mapped","","","","","","",""
"SES-1780501830794","2026-06-03T15:50:30.797Z","1","Perhatikan bagian tentang Normalisasi Data untuk memahami cara mengorganisasikan data dengan baik.","generated.wav","18.504","10.224","18.504","8.28","instruction","instruction","sentence_rule_override","Memberikan instruksi","Instruksi tugas","43","C","mapped","","","","","","",""
"SES-1780506146437","2026-06-03T17:02:26.443Z","0","Perhatikan bagian.","generated.wav","1.8","0","1.8","1.8","instruction","instruction","sentence_rule_override","Memberikan instruksi","Instruksi tugas","11","A","mapped","","","","","","",""
"SES-1780506337315","2026-06-03T17:05:37.317Z","0","Ya, silakan!","generated.wav","1.704","0","1.704","1.704","instruction","instruction","sentence_rule_override","Memberikan instruksi","Instruksi tugas","8","X","mapped","","","","","","",""
"SES-1780506448171","2026-06-03T17:07:28.173Z","0","Perhatikan bagian diagram untuk memahami hubungan antara bagian.","generated.wav","5.784","0","5.784","5.784","instruction","instruction","sentence_rule_override","Memberikan instruksi","Instruksi tugas","34","C","mapped","","","","","","",""
"SES-1780506503497","2026-06-03T17:08:23.500Z","0","Saya melihat Anda telah hadir di kelas!","generated.wav","8.088","0","3.668","3.668","STANDING_GREETING","STANDING_GREETING","backend_sequence","Gesture avatar","Konteks pembelajaran","21","C","mapped","","","","","","",""
"SES-1780506503497","2026-06-03T17:08:23.500Z","1","Silakan lanjutkan pertanyaan atau diskusi Anda.","generated.wav","8.088","3.668","8.088","4.42","instruction","instruction","sentence_rule_override","Memberikan instruksi","Instruksi tugas","20","C","mapped","","","","","","",""
"SES-1780506776296","2026-06-03T17:12:56.298Z","0","Belum tepat, jawabannya tergantung dari kualitas dan akurasi informasinya.","generated.wav","6.192","0","6.192","6.192","appreciation","appreciation","sentence_rule_override","Memberikan apresiasi","Apresiasi","37","C","mapped","","","","","","",""
"SES-1780506986517","2026-06-03T17:16:26.520Z","0","Tidak, tidak ada tugas untuk hari ini.","generated.wav","6.84","0","3.209","3.209","instruction","instruction","sentence_rule_override","Memberikan instruksi","Instruksi tugas","21","B","mapped","","","","","","",""
"SES-1780506986517","2026-06-03T17:16:26.520Z","1","Kami akan melanjutkan ke materi baru besok.","generated.wav","6.84","3.209","6.84","3.631","Talking_1","Talking_1","backend_sequence","Membuka atau menekankan penjelasan","Penekanan awal","29","B","mapped","","","","","","",""
"SES-1780507105817","2026-06-03T17:18:25.819Z","0","Dasar pengambilan keputusan adalah prinsip dasar untuk membuat keputusan yang tepat.","generated.wav","16.632","0","6.409","6.409","appreciation","appreciation","sentence_rule_override","Memberikan apresiasi","Apresiasi","46","C","mapped","","","","","","",""
"SES-1780507105817","2026-06-03T17:18:25.819Z","1","Ia mengacu pada kriteria dan konsekuensi yang diketahui sebelumnya, sehingga memungkinkan kita membuat pilihan yang logis dan efektif.","generated.wav","16.632","6.409","16.632","10.223","Greeting","Greeting","sentence_rule_override","Menyapa peserta didik","Pembuka pembelajaran","58","C","mapped","","","","","","",""
"SES-1780507213094","2026-06-03T17:20:13.097Z","0","Memahami materi ini sangat penting karena dasar konsepnya akan membantu Anda mengerti topik-topik lain yang terkait.","generated.wav","9.216","0","9.216","9.216","Talking_1","Talking_1","sentence_rule_override","Membuka atau menekankan penjelasan","Penekanan awal","69","B","mapped","","","","","","",""
"SES-1780507337481","2026-06-03T17:22:17.483Z","0","Saya senang mendengar bahwa Anda menikmati pelajaran hari ini!","generated.wav","5.472","0","5.472","5.472","TALKING","TALKING","backend_sequence","Gesture avatar","Konteks pembelajaran","36","C","mapped","","","","","","",""
"SES-1780507564946","2026-06-03T17:26:04.951Z","0","Saya baik-baik saja, terima kasih!","generated.wav","3.408","0","3.408","3.408","closing","closing","sentence_rule_override","Menutup pembelajaran","Penutup","22","B","mapped","","","","","","",""
"SES-1780853529455","2026-06-07T17:32:09.761Z","0","Let's break it down step by step.","generated.wav","5.784","0","2.651","2.651","COUNTING","COUNTING","backend_sequence","Gesture avatar","Konteks pembelajaran","17","C","mapped","","","","","","",""
"SES-1780853529455","2026-06-07T17:32:09.761Z","1","What is the first step we need to take?","generated.wav","5.784","2.651","5.784","3.133","COUNTING","COUNTING","backend_sequence","Gesture avatar","Konteks pembelajaran","14","B","mapped","","","","","","",""
"SES-1780853756540","2026-06-07T17:35:56.541Z","0","Siap membantu!","generated.wav","1.584","0","1.584","1.584","THANKFUL","THANKFUL","backend_sequence","Gesture avatar","Konteks pembelajaran","9","X","mapped","","","","","","",""
"SES-1780854008151","2026-06-07T17:40:08.158Z","0","Saya siap membantu!","generated.wav","4.56","0","1.42","1.42","COUNTING","COUNTING","backend_sequence","Gesture avatar","Konteks pembelajaran","11","B","mapped","","","","","","",""
"SES-1780854008151","2026-06-07T17:40:08.158Z","1","Langkah pertama apa yang kita akan hitung?","generated.wav","4.56","1.42","4.56","3.14","Greeting","Greeting","sentence_rule_override","Menyapa peserta didik","Pembuka pembelajaran","23","B","mapped","","","","","","",""
"SES-1780854714829","2026-06-07T17:51:54.833Z","0","Ya, silakan angkat tangan Anda!","generated.wav","2.88","0","2.88","2.88","instruction","instruction","sentence_rule_override","Memberikan instruksi","Instruksi tugas","13","C","mapped","","","","","","",""
"SES-1780856242514","2026-06-07T18:17:22.549Z","0","Saya akan menjelaskan langkah-langkah menghitung luas persegi panjang.","generated.wav","10.8","0","5.287","5.287","Greeting","Greeting","sentence_rule_override","Menyapa peserta didik","Pembuka pembelajaran","39","C","mapped","","","","","","",""
"SES-1780856242514","2026-06-07T18:17:22.550Z","1","Pertama, kita perlu mengetahui panjang (P) dan lebar (L) persegi panjang.","generated.wav","10.8","5.287","10.8","5.513","TALKING_OPEN_HAND","TALKING_OPEN_HAND","backend_sequence","Gesture avatar","Konteks pembelajaran","40","C","mapped","","","","","","",""
"SES-1780891293416","2026-06-08T04:01:33.783Z","0","Selamat datang!","generated.wav","4.896","0","1.185","1.185","STANDING_GREETING","STANDING_GREETING","backend_sequence","Gesture avatar","Konteks pembelajaran","12","C","mapped","","","","","","",""
"SES-1780891293416","2026-06-08T04:01:33.783Z","1","Hari ini baik, terima kasih untuk pertanyaanmu.","generated.wav","4.896","1.185","4.896","3.711","closing","closing","sentence_rule_override","Menutup pembelajaran","Penutup","22","B","mapped","","","","","","",""
"SES-1780891369093","2026-06-08T04:02:49.096Z","0","Halo!","generated.wav","3.888","0","0.432","0.432","Greeting","Greeting","sentence_rule_override","Menyapa peserta didik","Pembuka pembelajaran","5","X","mapped","","","","","","",""
"SES-1780891369093","2026-06-08T04:02:49.096Z","1","Semua baik, siap untuk belajar hari ini!","generated.wav","3.888","0.432","3.888","3.456","TALKING_OPEN_HAND","TALKING_OPEN_HAND","backend_sequence","Gesture avatar","Konteks pembelajaran","19","B","mapped","","","","","","",""
"SES-1780891446847","2026-06-08T04:04:06.849Z","0","Halo!","generated.wav","4.44","0","0.419","0.419","Greeting","Greeting","sentence_rule_override","Menyapa peserta didik","Pembuka pembelajaran","3","X","mapped","","","","","","",""
"SES-1780891446847","2026-06-08T04:04:06.849Z","1","Hari ini, kita akan mempelajari materi tentang .","generated.wav","4.44","0.419","4.44","4.021","TALKING_OPEN_HAND","TALKING_OPEN_HAND","backend_sequence","Gesture avatar","Konteks pembelajaran","26","C","mapped","","","","","","",""
"SES-1780891541019","2026-06-08T04:05:41.023Z","0","Sistem informasi adalah suatu sistem yang digunakan untuk mengumpulkan, memproses, dan menyimpan data dalam bentuk digital.","generated.wav","19.728","0","10.326","10.326","TALKING_EXPLAINING","TALKING_EXPLAINING","backend_sequence","Gesture avatar","Konteks pembelajaran","67","B","mapped","","","","","","",""
"SES-1780891541019","2026-06-08T04:05:41.024Z","1","Contohnya, seperti aplikasi perbankan online yang memungkinkan Anda untuk melihat saldo dan melakukan transaksi.","generated.wav","19.728","10.326","19.728","9.402","TALKING_OPEN_HAND","TALKING_OPEN_HAND","backend_sequence","Gesture avatar","Konteks pembelajaran","56","B","mapped","","","","","","",""
"SES-1780891698313","2026-06-08T04:08:18.316Z","0","Saya akan menjelaskan langkah-langkah membuat sistem dengan cara yang mudah dipahami.","generated.wav","10.8","0","6.375","6.375","COUNTING","COUNTING","backend_sequence","Gesture avatar","Konteks pembelajaran","45","C","mapped","","","","","","",""
"SES-1780891698313","2026-06-08T04:08:18.316Z","1","Pertama, kita perlu menentukan tujuan dari sistem tersebut.","generated.wav","10.8","6.375","10.8","4.425","TALKING_OPEN_HAND","TALKING_OPEN_HAND","backend_sequence","Gesture avatar","Konteks pembelajaran","30","B","mapped","","","","","","",""
"SES-1780895162984","2026-06-08T05:06:03.273Z","0","Selamat siang!","generated.wav","6.12","0","1.113","1.113","Greeting","Greeting","sentence_rule_override","Menyapa peserta didik","Pembuka pembelajaran","12","B","mapped","","","","","","",""
"SES-1780895162984","2026-06-08T05:06:03.273Z","1","Hari ini kita akan belajar tentang topik penting di matematika.","generated.wav","6.12","1.113","6.12","5.007","Talking_1","Talking_1","sentence_rule_override","Membuka atau menekankan penjelasan","Penekanan awal","25","B","mapped","","","","","","",""
"SES-1780895448680","2026-06-08T05:10:48.685Z","0","Tentu saja, Anda dapat bertanya dengan cara apapun!","generated.wav","7.488","0","4.02","4.02","TALKING_COMPARING","TALKING_COMPARING","backend_sequence","Gesture avatar","Konteks pembelajaran","27","C","mapped","","","","","","",""
"SES-1780895448680","2026-06-08T05:10:48.685Z","1","Saya siap membantu menjawab pertanyaan Anda.","generated.wav","7.488","4.02","7.488","3.468","TALKING_OPEN_HAND","TALKING_OPEN_HAND","backend_sequence","Gesture avatar","Konteks pembelajaran","23","C","mapped","","","","","","",""
"SES-1780895526815","2026-06-08T05:12:06.817Z","0","Saya tunggu pertanyaan Anda!","generated.wav","2.328","0","2.328","2.328","HAND_RAISING","HAND_RAISING","backend_sequence","Gesture avatar","Konteks pembelajaran","15","B","mapped","","","","","","",""
"SES-1780895728152","2026-06-08T05:15:28.153Z","0","Untuk membandingkan hasil sebelum dan sesudah optimasi, Anda dapat membuat tabel atau grafik yang menampilkan data sebelum dan setelah optimasi.","generated.wav","20.328","0","11.479","11.479","TALKING_COMPARING","TALKING_COMPARING","backend_sequence","Gesture avatar","Konteks pembelajaran","73","C","mapped","","","","","","",""
"SES-1780895728152","2026-06-08T05:15:28.153Z","1","Dengan demikian, Anda dapat dengan mudah melihat perbedaan antara keduanya dan menghitung peningkatan hasilnya.","generated.wav","20.328","11.479","20.328","8.849","Greeting","Greeting","sentence_rule_override","Menyapa peserta didik","Pembuka pembelajaran","40","B","mapped","","","","","","",""
"SES-1780895938238","2026-06-08T05:18:58.241Z","0","Metode digital memang memiliki kelebihan sendiri, seperti kemampuan untuk mengelola data dengan cepat dan efisien.","generated.wav","19.224","0","9.019","9.019","TALKING_COMPARING","TALKING_COMPARING","backend_sequence","Gesture avatar","Konteks pembelajaran","63","B","mapped","","","","","","",""
"SES-1780895938238","2026-06-08T05:18:58.241Z","1","Namun, tidak dapat disangkal bahwa metode manual juga memiliki manfaatnya sendiri, terutama dalam hal keterkaitan dengan manusia.","generated.wav","19.224","9.019","19.224","10.205","TALKING_OPEN_HAND","TALKING_OPEN_HAND","backend_sequence","Gesture avatar","Konteks pembelajaran","61","C","mapped","","","","","","",""
"SES-1780896101278","2026-06-08T05:21:41.279Z","0","Ya, saya setuju!","generated.wav","2.208","0","2.208","2.208","HEAD_NOD_YES","HEAD_NOD_YES","backend_sequence","Gesture avatar","Konteks pembelajaran","8","X","mapped","","","","","","",""
"SES-1780896133135","2026-06-08T05:22:13.136Z","0","Ya, saya setuju!","generated.wav","2.208","0","2.208","2.208","HEAD_NOD_YES","HEAD_NOD_YES","backend_sequence","Gesture avatar","Konteks pembelajaran","8","X","mapped","","","","","","",""
"SES-1780896329886","2026-06-08T05:25:29.888Z","0","Selamat!","generated.wav","8.352","0","0.613","0.613","STANDING_GREETING","STANDING_GREETING","backend_sequence","Gesture avatar","Konteks pembelajaran","8","B","mapped","","","","","","",""
"SES-1780896329886","2026-06-08T05:25:29.888Z","1","Terima kasih juga untuk Anda, karena telah menunjukkan minat dan kesadaran terhadap materi pelajaran.","generated.wav","8.352","0.613","8.352","7.739","closing","closing","sentence_rule_override","Menutup pembelajaran","Penutup","40","B","mapped","","","","","","",""
"SES-1780896481371","2026-06-08T05:28:01.375Z","0","Komponen tidak bekerja sesuai fungsinya dapat menyebabkan sistem atau perangkat menjadi tidak stabil atau tidak berfungsi.","generated.wav","9.72","0","9.72","9.72","SHAKING_HEAD_NO","SHAKING_HEAD_NO","backend_sequence","Gesture avatar","Konteks pembelajaran","66","B","mapped","","","","","","",""
"SES-1780901288736","2026-06-08T06:48:08.739Z","0","Saya akan menjelaskan cara menghitung luas persegi panjang.","generated.wav","11.904","0","4.844","4.844","Greeting","Greeting","sentence_rule_override","Menyapa peserta didik","Pembuka pembelajaran","28","B","mapped","","","","","","",""
"SES-1780901288736","2026-06-08T06:48:08.739Z","1","Pertama, kita perlu mengetahui rumus luas persegi panjang yang adalah panjang x lebar.","generated.wav","11.904","4.844","11.904","7.06","TALKING_OPEN_HAND","TALKING_OPEN_HAND","backend_sequence","Gesture avatar","Konteks pembelajaran","41","B","mapped","","","","","","",""
"SES-1780901437315","2026-06-08T06:50:37.319Z","0","Saya setuju untuk membandingkan dua metode.","generated.wav","10.656","0","3.498","3.498","HEAD_NOD_YES","HEAD_NOD_YES","backend_sequence","Gesture avatar","Konteks pembelajaran","23","B","mapped","","","","","","",""
"SES-1780901437315","2026-06-08T06:50:37.319Z","1","Dalam soal ini, saya akan membandingkan dua metode dan memberikan alasan yang mendukung.","generated.wav","10.656","3.498","10.656","7.158","TALKING_COMPARING","TALKING_COMPARING","backend_sequence","Gesture avatar","Konteks pembelajaran","42","B","mapped","","","","","","",""
"SES-1780901511883","2026-06-08T06:51:51.884Z","0","Tepuk tangan untuk Anda, sis!","generated.wav","6.768","0","2.484","2.484","CLAPPING","CLAPPING","backend_sequence","Gesture avatar","Konteks pembelajaran","17","B","mapped","","","","","","",""
"SES-1780901511883","2026-06-08T06:51:51.884Z","1","Terima kasih atas partisipasi yang aktif dan baik.","generated.wav","6.768","2.484","6.768","4.284","closing","closing","sentence_rule_override","Menutup pembelajaran","Penutup","27","C","mapped","","","","","","",""
"SES-1780901692642","2026-06-08T06:54:52.643Z","0","Saya percaya bahwa setiap orang memiliki potensi dan kemampuan untuk belajar dan meningkatkan diri.","generated.wav","15.288","0","7.842","7.842","TALKING_ARGUMEN","TALKING_ARGUMEN","backend_sequence","Gesture avatar","Konteks pembelajaran","55","B","mapped","","","","","","",""
"SES-1780901692642","2026-06-08T06:54:52.643Z","1","Jika Anda mengalami kesulitan, itu berarti Anda sedang mencoba sesuatu yang baru dan berharga.","generated.wav","15.288","7.842","15.288","7.446","instruction","instruction","sentence_rule_override","Memberikan instruksi","Instruksi tugas","41","C","mapped","","","","","","",""
"SES-1780901883136","2026-06-08T06:58:03.139Z","0","Saya senang mendengar pujian dari Anda!","generated.wav","9.72","0","3.268","3.268","TALKING_EXPLAINING","TALKING_EXPLAINING","backend_sequence","Gesture avatar","Konteks pembelajaran","27","B","mapped","","","","","","",""
"SES-1780901883136","2026-06-08T06:58:03.139Z","1","Namun, sebagai guru, saya harus tetap fokus pada materi yang akan dipelajari.","generated.wav","9.72","3.268","9.72","6.452","Talking_1","Talking_1","sentence_rule_override","Membuka atau menekankan penjelasan","Penekanan awal","43","B","mapped","","","","","","",""
"SES-1780902003142","2026-06-08T07:00:03.143Z","0","Halo!","generated.wav","4.896","0","0.422","0.422","Greeting","Greeting","sentence_rule_override","Menyapa peserta didik","Pembuka pembelajaran","4","X","mapped","","","","","","",""
"SES-1780902003142","2026-06-08T07:00:03.143Z","1","Saya baik-baik saja, terima kasih untuk pertanyaanmu.","generated.wav","4.896","0.422","4.896","4.474","closing","closing","sentence_rule_override","Menutup pembelajaran","Penutup","26","B","mapped","","","","","","",""
"SES-1780902255183","2026-06-08T07:04:15.184Z","0","Selamat siang!","generated.wav","5.304","0","1.108","1.108","Greeting","Greeting","sentence_rule_override","Menyapa peserta didik","Pembuka pembelajaran","10","B","mapped","","","","","","",""
"SES-1780902255183","2026-06-08T07:04:15.184Z","1","Saya baik-baik saja, terima kasih untuk pertanyaanmu.","generated.wav","5.304","1.108","5.304","4.196","closing","closing","sentence_rule_override","Menutup pembelajaran","Penutup","28","C","mapped","","","","","","",""
"SES-1780902421599","2026-06-08T07:07:01.601Z","0","Saya menjelaskan langkah-langkah menghitung luas persegi panjang sebagai berikut.","generated.wav","11.184","0","6.205","6.205","Greeting","Greeting","sentence_rule_override","Menyapa peserta didik","Pembuka pembelajaran","45","C","mapped","","","","","","",""
"SES-1780902421599","2026-06-08T07:07:01.601Z","1","Pertama, Anda harus mengetahui panjang dan lebar persegi panjang.","generated.wav","11.184","6.205","11.184","4.979","Talking_1","Talking_1","sentence_rule_override","Membuka atau menekankan penjelasan","Penekanan awal","33","C","mapped","","","","","","",""
"SES-1780902614530","2026-06-08T07:10:14.534Z","0","Halo!","generated.wav","8.904","0","0.416","0.416","Greeting","Greeting","sentence_rule_override","Menyapa peserta didik","Pembuka pembelajaran","3","X","mapped","","","","","","",""
"SES-1780902614530","2026-06-08T07:10:14.534Z","1","Persegi panjang adalah bentuk geometri yang memiliki empat sisinya dan dua diagonal yang sama panjang.","generated.wav","8.904","0.416","8.904","8.488","TALKING_EXPLAINING","TALKING_EXPLAINING","backend_sequence","Gesture avatar","Konteks pembelajaran","55","B","mapped","","","","","","",""
"SES-1780902709852","2026-06-08T07:11:49.855Z","0","Selamat datang!","generated.wav","6.576","0","1.218","1.218","STANDING_GREETING","STANDING_GREETING","backend_sequence","Gesture avatar","Konteks pembelajaran","13","B","mapped","","","","","","",""
"SES-1780902709852","2026-06-08T07:11:49.855Z","1","Tujuan belajar kita hari ini adalah memahami konsep dasar [topik].","generated.wav","6.576","1.218","6.576","5.358","TALKING_EXPLAINING","TALKING_EXPLAINING","backend_sequence","Gesture avatar","Konteks pembelajaran","29","B","mapped","","","","","","",""
"SES-1780902816909","2026-06-08T07:13:36.910Z","0","Saya dapat membantu Anda menghitung luas bangun datar tersebut.","generated.wav","10.32","0","4.925","4.925","Greeting","Greeting","sentence_rule_override","Menyapa peserta didik","Pembuka pembelajaran","36","B","mapped","","","","","","",""
"SES-1780902816909","2026-06-08T07:13:36.910Z","1","Pertama-tama, perhatikanlah sisi-sisinya dan kenali bagian-bagiannya.","generated.wav","10.32","4.925","10.32","5.395","instruction","instruction","sentence_rule_override","Memberikan instruksi","Instruksi tugas","33","B","mapped","","","","","","",""
"SES-1780902952985","2026-06-08T07:15:52.987Z","0","Saya senang melihat Anda siap untuk berdiskusi.","generated.wav","10.272","0","3.925","3.925","POINTING","POINTING","backend_sequence","Gesture avatar","Konteks pembelajaran","26","B","mapped","","","","","","",""
"SES-1780902952985","2026-06-08T07:15:52.987Z","1","Sebelum kita mulai, saya ingin menjelaskan konsep dasar yang perlu dipahami.","generated.wav","10.272","3.925","10.272","6.347","TALKING_EXPLAINING","TALKING_EXPLAINING","backend_sequence","Gesture avatar","Konteks pembelajaran","41","B","mapped","","","","","","",""
"SES-1780903047771","2026-06-08T07:17:27.772Z","0","Saya akan mengarahkan perhatian Anda ke bagian diagram yang ditampilkan.","generated.wav","11.496","0","5.788","5.788","POINTING","POINTING","backend_sequence","Gesture avatar","Konteks pembelajaran","34","B","mapped","","","","","","",""
"SES-1780903047771","2026-06-08T07:17:27.772Z","1","Perhatikan komponen utama, seperti [gestur pointing ke bagian diagram].","generated.wav","11.496","5.788","11.496","5.708","instruction","instruction","sentence_rule_override","Memberikan instruksi","Instruksi tugas","32","B","mapped","","","","","","",""
"SES-1780904485967","2026-06-08T07:41:25.969Z","0","Saya perhatikan bagian pada papan dan tunjukkan bagian yang penting.","generated.wav","8.064","0","5.653","5.653","instruction","instruction","sentence_rule_override","Memberikan instruksi","Instruksi tugas","35","C","mapped","","","","","","",""
"SES-1780904485967","2026-06-08T07:41:25.969Z","1","Bagian itu berfungsi sebagai.","generated.wav","8.064","5.653","8.064","2.411","SHAKING_HEAD_NO","SHAKING_HEAD_NO","backend_sequence","Gesture avatar","Konteks pembelajaran","16","B","mapped","","","","","","",""
"SES-1780905394288","2026-06-08T07:56:34.296Z","0","Halo!","generated.wav","4.296","0","0.43","0.43","STANDING_GREETING","STANDING_GREETING","backend_sequence","Membuka pembelajaran atau menyapa siswa","Pembuka pembelajaran / Salam","4","X","mapped","","","","","","",""
"SES-1780905394288","2026-06-08T07:56:34.296Z","1","Materi hari ini adalah tentang Analisis Data.","generated.wav","4.296","0.43","4.296","3.866","TALKING_EXPLAINING","TALKING_EXPLAINING","backend_sequence","Menjelaskan konsep utama secara runtut","Penjelasan materi","27","B","mapped","","","","","","",""
"SES-1780905912448","2026-06-08T08:05:12.451Z","0","Selamat!","generated.wav","2.928","0","0.732","0.732","STANDING_GREETING","STANDING_GREETING","backend_sequence","Membuka pembelajaran atau menyapa siswa","Pembuka pembelajaran / Salam","8","B","mapped","","","","","","",""
"SES-1780905912448","2026-06-08T08:05:12.451Z","1","Saya siap membantu Anda.","generated.wav","2.928","0.732","2.928","2.196","TALKING_OPEN_HAND","TALKING_OPEN_HAND","backend_sequence","Memberikan penjelasan terbuka dan ramah","Penjelasan terbuka","16","B","mapped","","","","","","",""
"SES-1780906164938","2026-06-08T08:09:24.940Z","0","Perbedaan antara dua metode tersebut adalah sebagai berikut: Metode pertama adalah dengan menggunakan diagram atau gambar yang lebih mudah dipahami.","generated.wav","20.568","0","11.753","11.753","TALKING_COMPARING","TALKING_COMPARING","backend_sequence","Membandingkan dua konsep atau metode","Komparasi konsep","67","B","mapped","","","","","","",""
"SES-1780906164938","2026-06-08T08:09:24.940Z","1","Diagram ini dapat membantu siswa memahami konsep-konsep yang kompleks dan membuatnya lebih mudah untuk diingat.","generated.wav","20.568","11.753","20.568","8.815","LOOKING","LOOKING","sentence_rule_override","Mengarahkan perhatian visual siswa","Arah perhatian visual","59","B","mapped","","","","","","",""
"SES-1780906330736","2026-06-08T08:12:10.738Z","0","Selamat siang!","generated.wav","5.112","0","1.193","1.193","STANDING_GREETING","STANDING_GREETING","backend_sequence","Membuka pembelajaran atau menyapa siswa","Pembuka pembelajaran / Salam","10","B","mapped","","","","","","",""
"SES-1780906330736","2026-06-08T08:12:10.738Z","1","Materi hari ini adalah tentang [konsep/kelas].","generated.wav","5.112","1.193","5.112","3.919","TALKING_EXPLAINING","TALKING_EXPLAINING","backend_sequence","Menjelaskan konsep utama secara runtut","Penjelasan materi","17","B","mapped","","","","","","",""
"SES-1780907180938","2026-06-08T08:26:20.941Z","0","Metode kuantitatif dan kualitatif adalah dua pendekatan yang berbeda dalam pengumpulan data dan analisis.","generated.wav","24.84","0","8.665","8.665","TALKING_EXPLAINING","TALKING_EXPLAINING","backend_sequence","Menjelaskan konsep utama secara runtut","Penjelasan materi","50","B","mapped","","","","","","",""
"SES-1780907180938","2026-06-08T08:26:20.941Z","1","Metode kuantitatif lebih fokus pada penggunaan angka dan statistik untuk mengumpulkan data, sementara metode kualitatif lebih fokus pada penggunaan kata-kata dan deskripsi untuk mengumpulkan data.","generated.wav","24.84","8.665","24.84","16.175","TALKING_COMPARING","TALKING_COMPARING","backend_sequence","Membandingkan dua konsep atau metode","Komparasi konsep","102","B","mapped","","","","","","",""
